device,accuracy,val_accuracy,loss,val_loss,day,execute_time_seconds,evaluate_time_seconds,is_model_changed,evaluate_accuracy
0,0.7631579,0.8277311,0.5507456878611916,0.329054223994414,0,489.0364580154419,101.11543917655943,1.0,0.8781512379646301
1,0.75473684,0.8655462,0.6138305813074112,0.3032797902822494,0,458.7873086929321,90.88077020645142,1.0,0.8655462265014648
2,0.78105265,0.85714287,0.5267919982734479,0.3464275288085143,0,462.47753739357,92.98507976531982,1.0,0.8613445162773132
3,0.7842105,0.78571427,0.4943484963868794,0.4138331492741903,0,465.1596200466156,90.79901504516602,1.0,0.8151260614395142
4,0.7768421,0.78571427,0.5371814947379263,0.4889370361963908,0,462.2739992141724,94.0772421360016,1.0,0.8361344337463379
5,0.7936842,0.85714287,0.4844364581610027,0.3502589364846547,0,464.08014392852783,90.35648202896118,0.0,0.831932783126831
6,0.79263157,0.81092435,0.5097084731177279,0.5061629851659138,0,463.6780927181244,90.6723792552948,1.0,0.819327712059021
7,0.7831579,0.74369746,0.546769457867271,0.5810643374919892,0,467.929003238678,90.43847155570984,1.0,0.8235294222831726
8,0.74,0.8277311,0.5939687569517839,0.3673322478930155,0,468.2398121356964,94.64429759979248,1.0,0.894957959651947
9,0.7736842,0.79831934,0.5334806500610553,0.4411723514397939,0,466.0337481498718,92.04918265342712,1.0,0.8445377945899963
10,0.7852632,0.8193277,0.5208904231222052,0.359088729818662,0,462.7461037635803,89.25892925262451,1.0,0.8277310729026794
11,0.7505263,0.74369746,0.5845039266034177,0.5025876303513844,0,463.5127909183502,88.76410007476807,1.0,0.819327712059021
12,0.75578946,0.78571427,0.5931869621025888,0.4097411602735519,0,466.5582942962647,89.77217936515808,1.0,0.848739504814148
13,0.75473684,0.8193277,0.5891827356187921,0.4459660589694977,0,467.5036733150482,91.75541162490843,1.0,0.8361344337463379
14,0.78842103,0.7815126,0.5305225014059167,0.5116442183653513,0,468.0313613414765,91.51343488693236,1.0,0.8235294222831726
15,0.76842105,0.7941176,0.5394460622887862,0.4507519026597341,0,466.4055325984955,90.05480480194092,1.0,0.8445377945899963
16,0.7852632,0.79831934,0.5477394967330129,0.464172351360321,0,465.26702976226807,86.89205431938171,1.0,0.848739504814148
17,0.7473684,0.8865546,0.5908900074582351,0.292174498240153,0,466.5390329360962,88.12180924415588,0.0,0.8571428656578064
18,0.7831579,0.83613443,0.4931901798750225,0.3184032057722409,0,468.5196557044983,87.08770990371704,1.0,0.8613445162773132
19,0.8063158,0.7647059,0.4981385525904204,0.537124036749204,0,464.9232354164124,87.47544527053833,1.0,0.8151260614395142
0,0.8715789318084717,0.8865545988082886,0.3018908508827811,0.2714166879653931,1,423.51582884788513,90.1437282562256,1.0,0.8991596698760986
1,0.9115789532661438,0.9075630307197572,0.2386423103432906,0.2282789538304011,1,423.6438958644867,90.18213820457458,0.0,0.8991596698760986
2,0.781052649,0.8571428657,0.5267919983,0.3464275288,1,418.562075138092,102.76841878890993,1.0,0.894957959651947
3,0.8568421006202698,0.8277310729026794,0.3130334290626801,0.3903928289810816,1,423.1243813037872,86.70218253135681,1.0,0.848739504814148
4,0.8736842274665833,0.8739495873451233,0.2980652496689244,0.3064830789963404,1,424.1724667549133,90.17603945732117,0.0,0.8697478771209717
5,0.7936841846,0.8571428657,0.4844364582,0.3502589365,1,431.8273890018463,87.73645567893982,1.0,0.8739495873451233
6,0.7926315665,0.8109243512,0.5097084731,0.5061629852,1,419.16109681129456,86.7365300655365,1.0,0.8571428656578064
7,0.8684210777282715,0.8277310729026794,0.3217288775193064,0.437443353732427,1,424.80626487731934,87.01738166809082,1.0,0.8361344337463379
8,0.8999999761581421,0.9201680421829224,0.2511507334207233,0.2069714566071828,1,428.0952351093292,89.22253704071045,0.0,0.9201680421829224
9,0.878947377204895,0.9369747638702391,0.281353731029912,0.2173805378377437,1,420.7701783180237,87.59920763969421,0.0,0.8781512379646301
10,0.878947377204895,0.8361344337463379,0.2700926545732899,0.3786281377077102,1,419.1528148651123,87.39727306365967,1.0,0.8697478771209717
11,0.8799999952316284,0.8655462265014648,0.2943161948103653,0.3198430399099985,1,421.436154127121,85.13755464553833,0.0,0.848739504814148
12,0.8863157629966736,0.8571428656578064,0.2798110845841859,0.2946531424919764,1,419.5279111862183,87.29172539710999,1.0,0.8697478771209717
13,0.8894736766815186,0.8697478771209717,0.2840740792374862,0.2927456033726533,1,420.7632465362549,86.67125940322876,1.0,0.8991596698760986
14,0.8747368454933167,0.848739504814148,0.2895126030319615,0.331733118991057,1,419.83605337142944,84.45322155952454,1.0,0.8739495873451233
15,0.8999999761581421,0.8235294222831726,0.2716538709872647,0.4000625511010487,1,424.2097117900848,88.28732132911682,1.0,0.894957959651947
16,0.8715789318084717,0.8445377945899963,0.2999958806916287,0.3451415752371152,1,420.0292086601257,84.76449847221375,1.0,0.8865545988082886
17,0.8863157629966736,0.9033613204956056,0.2916738066547795,0.2286415750781695,1,431.9592111110687,89.38419198989868,0.0,0.8823529481887817
18,0.8831579089164734,0.8571428656578064,0.2752009578755027,0.3224006752173106,1,422.70844888687134,86.01164412498474,1.0,0.9033613204956056
19,0.8684210777282715,0.8235294222831726,0.3010029307478352,0.4539862463871638,1,422.6416957378388,87.76215147972107,1.0,0.8529411554336548
0,0.8715789318,0.8865545988,0.3018908509,0.271416688,2,415.8313031196594,100.91917634010316,1.0,0.8991596698760986
1,0.9115789533,0.9075630307,0.2386423103,0.2282789538,2,429.4539821147919,86.95633459091187,0.0,0.9033613204956056
2,0.781052649,0.8571428657,0.5267919983,0.3464275288,2,420.7730581760407,91.0270504951477,1.0,0.9033613204956056
3,0.9105263352394104,0.8823529481887817,0.2343166593501442,0.2805473417043685,2,422.37086629867554,88.80501508712769,0.0,0.8613445162773132
4,0.8736842275,0.8739495873,0.2980652497,0.306483079,2,430.8435091972351,90.01754474639893,1.0,0.8823529481887817
5,0.9031578898429872,0.8697478771209717,0.2693553668260574,0.2818320217231909,2,427.9726505279541,87.54634642601013,1.0,0.8823529481887817
6,0.9084210395812988,0.8865545988082886,0.2279980037165315,0.3016548896829287,2,424.04167461395264,88.59507846832275,0.0,0.8655462265014648
7,0.8684210777,0.8277310729,0.3217288775,0.4374433537,2,420.0667040348053,90.41321754455566,1.0,0.8529411554336548
8,0.8999999762,0.9201680422,0.2511507334,0.2069714566,2,435.7747330665589,89.40988421440125,1.0,0.9327731132507324
9,0.8789473772,0.9369747639,0.281353731,0.2173805378,2,434.45230984687805,87.03994488716125,0.0,0.8865545988082886
10,0.9021052718162536,0.8445377945899963,0.2719959625444914,0.3097059269746144,2,425.03460931777954,92.3280107975006,1.0,0.8781512379646301
11,0.8799999952,0.8655462265,0.2943161948,0.3198430399,2,435.4965250492096,86.65761160850525,0.0,0.8529411554336548
12,0.886315763,0.8571428657,0.2798110846,0.2946531425,2,428.3937590122223,87.86870622634888,1.0,0.8739495873451233
13,0.921052634716034,0.9201680421829224,0.2092487409867738,0.2626138791441917,2,435.9289827346802,88.243332862854,0.0,0.9159663915634156
14,0.8968421220779419,0.8655462265014648,0.2626566962505641,0.3214008341232935,2,431.8346476554871,87.43422532081604,1.0,0.8781512379646301
15,0.9200000166893004,0.8781512379646301,0.2082916416933662,0.2730049215257167,2,432.3631880283356,89.58077383041382,1.0,0.9033613204956056
16,0.8715789318,0.8445377946,0.2999958807,0.3451415752,2,425.5019903182984,85.65090250968933,1.0,0.8991596698760986
17,0.886315763,0.9033613205,0.2916738067,0.2286415751,2,439.1034028530121,88.49647831916809,0.0,0.9033613204956056
18,0.8831579089,0.8571428657,0.2752009579,0.3224006752,2,427.8535718917847,87.03999495506287,1.0,0.9033613204956056
19,0.9189473390579224,0.8697478771209717,0.2160329813392539,0.3536862850189209,2,434.05258679389954,85.78691244125366,0.0,0.8571428656578064
0,0.8715789318,0.8865545988,0.3018908509,0.271416688,3,417.6667649745941,90.6410584449768,1.0,0.9075630307197572
1,0.8863157629966736,0.9075630307197572,0.2657162118271777,0.2440000891685486,3,438.8115479946137,89.02883124351501,1.0,0.911764681339264
2,0.9042105078697203,0.8697478771209717,0.2459102491014882,0.2940248439709345,3,428.6308629512787,91.39484429359436,1.0,0.9075630307197572
3,0.9021052718162536,0.8865545988082886,0.2626907955031646,0.2974470605452855,3,425.73640513420105,92.05763578414916,0.0,0.8697478771209717
4,0.8736842275,0.8739495873,0.2980652497,0.306483079,3,414.8680236339569,90.75271415710448,1.0,0.8823529481887817
5,0.8989473581314087,0.8697478771209717,0.2626850428079303,0.2691797539591789,3,417.65609407424927,101.99533772468568,1.0,0.8865545988082886
6,0.9084210396,0.8865545988,0.2279980037,0.3016548897,3,422.997296333313,86.77051854133606,0.0,0.8739495873451233
7,0.9073684215545654,0.8655462265014648,0.2260255037483416,0.3237793962160746,3,416.7852237224579,87.52889251708984,1.0,0.8697478771209717
8,0.8999999762,0.9201680422,0.2511507334,0.2069714566,3,411.179958820343,88.92692351341248,1.0,0.9327731132507324
9,0.8789473772,0.9369747639,0.281353731,0.2173805378,3,424.693678855896,86.24823522567749,0.0,0.8991596698760986
10,0.9021052718,0.8445377946,0.2719959625,0.309705927,3,417.1075220108032,86.63248491287231,1.0,0.8907563090324402
11,0.9021052718162536,0.8865545988082886,0.2523777996866326,0.2971222594380379,3,423.4715733528137,84.03678846359253,0.0,0.8655462265014648
12,0.921052634716034,0.8865545988082886,0.2080258704329791,0.2558333074053128,3,419.35870885849,88.26977276802063,0.0,0.8697478771209717
13,0.9210526347,0.9201680422,0.209248741,0.2626138791,3,428.8332464694977,85.99371910095215,0.0,0.9201680421829224
14,0.8989473581314087,0.8823529481887817,0.2626486962719968,0.2626173983017603,3,420.00745701789856,89.41696500778198,1.0,0.8865545988082886
15,0.9073684215545654,0.9075630307197572,0.2342144971301681,0.2688740720351537,3,419.1434848308563,87.22457551956177,0.0,0.9033613204956056
16,0.878947377204895,0.8613445162773132,0.2911929611783279,0.3813059081633885,3,415.4248757362366,86.82910823822021,1.0,0.9033613204956056
17,0.886315763,0.9033613205,0.2916738067,0.2286415751,3,420.85993099212646,87.967524766922,1.0,0.911764681339264
18,0.8831579089,0.8571428657,0.2752009579,0.3224006752,3,412.517637014389,86.34152030944824,1.0,0.9201680421829224
19,0.9189473391,0.8697478771,0.2160329813,0.353686285,3,424.43062806129456,87.28288316726685,0.0,0.8571428656578064
0,0.9147368669509888,0.8991596698760986,0.2212849563673923,0.218844473361969,4,421.1469523906708,87.81174182891846,1.0,0.9075630307197572
1,0.886315763,0.9075630307,0.2657162118,0.2440000892,4,425.7859208583832,87.23151922225952,1.0,0.924369752407074
2,0.9031578898429872,0.8739495873451233,0.2493780128344109,0.2646497341493765,4,427.50367856025696,88.96881985664368,1.0,0.911764681339264
3,0.9021052718,0.8865545988,0.2626907955,0.2974470605,4,431.83122730255127,98.59436678886414,1.0,0.8907563090324402
4,0.8736842275,0.8739495873,0.2980652497,0.306483079,4,420.183899641037,86.80504179000854,1.0,0.894957959651947
5,0.9021052718162536,0.8697478771209717,0.2533139103651047,0.3563552180926005,4,429.44718766212463,87.05827641487122,1.0,0.9033613204956056
6,0.9084210396,0.8865545988,0.2279980037,0.3016548897,4,424.6083738803864,86.73575901985168,0.0,0.8823529481887817
7,0.9073684216,0.8655462265,0.2260255037,0.3237793962,4,428.27696347236633,86.55536913871765,1.0,0.8781512379646301
8,0.8999999762,0.9201680422,0.2511507334,0.2069714566,4,426.4191184043884,90.24179649353027,1.0,0.9369747638702391
9,0.8789473772,0.9369747639,0.281353731,0.2173805378,4,430.6700277328491,87.33562636375427,0.0,0.911764681339264
10,0.9021052718,0.8445377946,0.2719959625,0.309705927,4,420.8325350284576,87.59070754051208,1.0,0.894957959651947
11,0.906315803527832,0.911764681339264,0.2122963596331445,0.2708229472239812,4,431.7425825595856,84.53065752983093,0.0,0.8823529481887817
12,0.9210526347,0.8865545988,0.2080258704,0.2558333074,4,432.8110542297363,85.48651146888733,1.0,0.8865545988082886
13,0.9210526347,0.9201680422,0.209248741,0.2626138791,4,431.1506850719452,89.51398539543152,1.0,0.9285714030265808
14,0.8989473581,0.8823529482,0.2626486963,0.2626173983,4,422.0122811794281,86.76206040382385,1.0,0.894957959651947
15,0.9073684216,0.9075630307,0.2342144971,0.268874072,4,430.3457953929901,88.05702924728394,1.0,0.9075630307197572
16,0.9231578707695008,0.8823529481887817,0.209059349329848,0.3073971467713515,4,421.7349953651428,86.00705099105835,1.0,0.9201680421829224
17,0.886315763,0.9033613205,0.2916738067,0.2286415751,4,419.9574389457703,85.84537243843079,1.0,0.911764681339264
18,0.9242105484008788,0.9159663915634156,0.1958571938464516,0.2250692928830782,4,418.98109126091,87.01808190345764,0.0,0.9159663915634156
19,0.9189473391,0.8697478771,0.2160329813,0.353686285,4,432.52490234375,86.5072557926178,1.0,0.8697478771209717
0,0.9242105484008788,0.911764681339264,0.1881666029754438,0.2146960792442162,5,417.1536903381348,87.19467520713806,0.0,0.9075630307197572
1,0.886315763,0.9075630307,0.2657162118,0.2440000892,5,414.48525500297546,99.1651692390442,1.0,0.9285714030265808
2,0.9073684215545654,0.8991596698760986,0.2405460295551701,0.2619023854533831,5,418.1776988506317,88.15892910957336,1.0,0.9201680421829224
3,0.9231578707695008,0.8865545988082886,0.2144567677849217,0.3330163478851318,5,418.5862092971802,87.99435830116272,1.0,0.8865545988082886
4,0.930526316165924,0.8739495873451233,0.2111655992896933,0.2855745496849219,5,419.6651315689087,88.9453718662262,1.0,0.8991596698760986
5,0.930526316165924,0.9033613204956056,0.1959309035853335,0.2824761000772317,5,421.5496299266815,87.29624438285828,1.0,0.924369752407074
6,0.9084210396,0.8865545988,0.2279980037,0.3016548897,5,423.6534402370453,85.89374828338623,1.0,0.8907563090324402
7,0.9073684216,0.8655462265,0.2260255037,0.3237793962,5,416.089898109436,86.11297011375427,1.0,0.894957959651947
8,0.8999999762,0.9201680422,0.2511507334,0.2069714566,5,417.5036332607269,91.39558267593384,1.0,0.9411764740943908
9,0.8789473772,0.9369747639,0.281353731,0.2173805378,5,426.5172984600067,86.81901240348816,0.0,0.9159663915634156
10,0.9021052718,0.8445377946,0.2719959625,0.309705927,5,413.321521282196,87.37875628471375,1.0,0.9075630307197572
11,0.9063158035,0.9117646813,0.2122963596,0.2708229472,5,420.0432486534119,86.27655553817749,0.0,0.8907563090324402
12,0.9210526347,0.8865545988,0.2080258704,0.2558333074,5,414.821316242218,86.64601135253906,1.0,0.8991596698760986
13,0.917894721031189,0.9411764740943908,0.2198271092929338,0.2155613971253236,5,417.22571539878845,88.16025400161743,0.0,0.9369747638702391
14,0.8989473581,0.8823529482,0.2626486963,0.2626173983,5,416.2069413661957,85.45808148384094,1.0,0.8991596698760986
15,0.8968421220779419,0.924369752407074,0.2424307967212639,0.2196384534239769,5,417.9568128585816,87.15066266059875,0.0,0.9201680421829224
16,0.9231578708,0.8823529482,0.2090593493,0.3073971468,5,413.47372579574585,85.82477021217346,1.0,0.924369752407074
17,0.9136841893196106,0.9327731132507324,0.2425203214507354,0.1709025430182616,5,420.7866044044495,86.54073452949524,0.0,0.9159663915634156
18,0.9242105484,0.9159663916,0.1958571938,0.2250692929,5,425.53781938552856,86.13040208816528,0.0,0.911764681339264
19,0.9031578898429872,0.8865545988082886,0.2510458224423622,0.2676547850171725,5,420.3661077022553,87.12102937698364,0.0,0.8697478771209717
0,0.9242105484,0.9117646813,0.188166603,0.2146960792,6,422.48486328125,90.2314190864563,1.0,0.924369752407074
1,0.9263157844543456,0.9075630307197572,0.2122828726078334,0.2343985848128795,6,418.7017385959625,100.71163630485536,1.0,0.9411764740943908
2,0.9073684216,0.8991596699,0.2405460296,0.2619023855,6,413.86559557914734,87.59588670730591,1.0,0.9201680421829224
3,0.9284210801124572,0.9285714030265808,0.1792259568917124,0.2468218691647052,6,419.0999655723572,89.84351849555969,0.0,0.894957959651947
4,0.9305263162,0.8739495873,0.2111655993,0.2855745497,6,416.5685725212097,86.59353923797607,1.0,0.9075630307197572
5,0.8968421220779419,0.911764681339264,0.2514667068735549,0.2761923462152481,6,418.7714066505432,86.37012386322021,1.0,0.9285714030265808
6,0.9084210396,0.8865545988,0.2279980037,0.3016548897,6,410.666277885437,86.97759652137756,1.0,0.8907563090324402
7,0.9073684216,0.8655462265,0.2260255037,0.3237793962,6,414.5156874656677,85.25827693939209,1.0,0.894957959651947
8,0.8999999762,0.9201680422,0.2511507334,0.2069714566,6,415.4173626899719,92.47675371170044,1.0,0.9537814855575562
9,0.8789473772,0.9369747639,0.281353731,0.2173805378,6,423.2335577011109,85.94997787475586,0.0,0.9327731132507324
10,0.9021052718,0.8445377946,0.2719959625,0.309705927,6,414.038578748703,84.94649028778076,1.0,0.911764681339264
11,0.9063158035,0.9117646813,0.2122963596,0.2708229472,6,423.9341905117035,85.74264931678772,0.0,0.9033613204956056
12,0.9210526347,0.8865545988,0.2080258704,0.2558333074,6,411.5639173984528,84.90659523010254,1.0,0.9033613204956056
13,0.917894721,0.9411764741,0.2198271093,0.2155613971,6,422.177983045578,87.17187595367432,0.0,0.9411764740943908
14,0.8989473581,0.8823529482,0.2626486963,0.2626173983,6,413.1340410709381,85.92873811721802,1.0,0.894957959651947
15,0.8968421221,0.9243697524,0.2424307967,0.2196384534,6,417.5985314846039,87.79721546173096,1.0,0.9369747638702391
16,0.9115789532661438,0.911764681339264,0.2165244680643081,0.2646696204940478,6,416.3237638473511,85.8756012916565,1.0,0.9369747638702391
17,0.9136841893,0.9327731133,0.2425203215,0.170902543,6,417.8567125797272,88.33169460296631,0.0,0.9159663915634156
18,0.917894721031189,0.9285714030265808,0.2244682976603508,0.1892452716827392,6,425.2023746967316,87.24072265625,0.0,0.9201680421829224
19,0.9031578898,0.8865545988,0.2510458224,0.267654785,6,424.53074193000793,86.31795048713684,0.0,0.8781512379646301
0,0.9242105484,0.9117646813,0.188166603,0.2146960792,7,417.4266571998596,97.73068475723268,1.0,0.9201680421829224
1,0.917894721031189,0.9075630307197572,0.1889792517768709,0.2425802816947301,7,416.8515758514404,87.13116669654846,1.0,0.9327731132507324
2,0.9073684216,0.8991596699,0.2405460296,0.2619023855,7,413.8948092460632,88.51715087890625,1.0,0.9201680421829224
3,0.9284210801,0.928571403,0.1792259569,0.2468218692,7,418.1018514633178,87.10296487808228,0.0,0.8907563090324402
4,0.9010526537895204,0.894957959651947,0.2327596808734693,0.2407950808604558,7,413.6038360595703,88.23217105865479,1.0,0.9075630307197572
5,0.8968421221,0.9117646813,0.2514667069,0.2761923462,7,411.25974440574646,86.8391764163971,1.0,0.9285714030265808
6,0.9084210396,0.8865545988,0.2279980037,0.3016548897,7,413.53569626808167,88.41038727760315,1.0,0.9033613204956056
7,0.9315789341926576,0.8907563090324402,0.1787934933367528,0.3084711556633313,7,418.2221050262451,87.09031248092651,1.0,0.894957959651947
8,0.8999999762,0.9201680422,0.2511507334,0.2069714566,7,416.7201025485992,88.96012878417969,1.0,0.9495798349380492
9,0.8789473772,0.9369747639,0.281353731,0.2173805378,7,422.3823482990265,88.19791030883789,0.0,0.9327731132507324
10,0.9021052718,0.8445377946,0.2719959625,0.309705927,7,410.3005616664887,87.58890342712402,1.0,0.911764681339264
11,0.9063158035,0.9117646813,0.2122963596,0.2708229472,7,419.6484618186951,85.72111678123474,0.0,0.9075630307197572
12,0.9210526347,0.8865545988,0.2080258704,0.2558333074,7,414.2595546245575,87.25476503372192,1.0,0.9033613204956056
13,0.917894721,0.9411764741,0.2198271093,0.2155613971,7,418.50996446609497,89.14900088310242,0.0,0.9369747638702391
14,0.921052634716034,0.9075630307197572,0.1934800277571929,0.2055842665334542,7,418.6805107593536,85.23773121833801,0.0,0.9033613204956056
15,0.8968421221,0.9243697524,0.2424307967,0.2196384534,7,411.9263095855713,87.3866868019104,1.0,0.9327731132507324
16,0.9115789533,0.9117646813,0.2165244681,0.2646696205,7,407.1505148410797,87.7333471775055,1.0,0.9327731132507324
17,0.9136841893,0.9327731133,0.2425203215,0.170902543,7,420.532345533371,88.3719892501831,0.0,0.924369752407074
18,0.917894721,0.928571403,0.2244682977,0.1892452717,7,418.2593126296997,86.48954463005066,0.0,0.9159663915634156
19,0.9357894659042358,0.8907563090324402,0.1758740513889413,0.2798408096035321,7,425.3992071151733,89.6081075668335,0.0,0.8739495873451233
0,0.9378947615623474,0.9159663915634156,0.1883702776581049,0.1837031284968058,8,415.7733137607575,86.91902542114258,1.0,0.924369752407074
1,0.921052634716034,0.9201680421829224,0.2149639499697246,0.1860599711537361,8,418.72025299072266,85.07648539543152,1.0,0.9327731132507324
2,0.9073684216,0.8991596699,0.2405460296,0.2619023855,8,409.3291838169098,89.78352499008179,1.0,0.9201680421829224
3,0.9284210801,0.928571403,0.1792259569,0.2468218692,8,424.6743369102478,102.06443619728088,0.0,0.894957959651947
4,0.9010526538,0.8949579597,0.2327596809,0.2407950809,8,415.6071486473084,87.67351746559143,1.0,0.9075630307197572
5,0.8968421221,0.9117646813,0.2514667069,0.2761923462,8,416.2600238323212,89.04695892333984,1.0,0.9327731132507324
6,0.9084210396,0.8865545988,0.2279980037,0.3016548897,8,410.073648929596,87.36039161682129,1.0,0.8991596698760986
7,0.9315789342,0.890756309,0.1787934933,0.3084711557,8,413.1694543361664,89.19928503036499,1.0,0.8991596698760986
8,0.8999999762,0.9201680422,0.2511507334,0.2069714566,8,415.3074860572815,92.68413281440736,1.0,0.9537814855575562
9,0.8789473772,0.9369747639,0.281353731,0.2173805378,8,421.5589547157288,90.1508138179779,0.0,0.9327731132507324
10,0.9368420839309692,0.8907563090324402,0.1693622757396415,0.2230946637690067,8,418.9472551345825,86.64561915397644,1.0,0.911764681339264
11,0.9063158035,0.9117646813,0.2122963596,0.2708229472,8,420.6985676288605,85.68431758880615,1.0,0.911764681339264
12,0.9210526347,0.8865545988,0.2080258704,0.2558333074,8,408.9113395214081,85.57495903968811,1.0,0.9033613204956056
13,0.917894721,0.9411764741,0.2198271093,0.2155613971,8,423.1396877765656,86.18172907829285,0.0,0.9411764740943908
14,0.9210526347,0.9075630307,0.1934800278,0.2055842665,8,423.42684745788574,85.38073492050171,0.0,0.9033613204956056
15,0.9273684024810792,0.9285714030265808,0.1852414062227073,0.2526854624350865,8,417.4220600128174,87.37568950653076,1.0,0.9327731132507324
16,0.9200000166893004,0.9159663915634156,0.2053866949834321,0.232779873162508,8,415.39920806884766,86.54188656806946,1.0,0.9327731132507324
17,0.9136841893,0.9327731133,0.2425203215,0.170902543,8,424.0881540775299,89.19421982765198,0.0,0.924369752407074
18,0.917894721,0.928571403,0.2244682977,0.1892452717,8,419.5168108940125,88.0765733718872,0.0,0.9201680421829224
19,0.9294736981391908,0.8991596698760986,0.1786844687399111,0.2494318887591362,8,430.16007566452026,85.90436792373657,0.0,0.8781512379646301
0,0.9378947616,0.9159663916,0.1883702777,0.1837031285,9,415.5529906749725,86.53550434112549,1.0,0.9201680421829224
1,0.9294736981391908,0.924369752407074,0.1723587910281984,0.2058654186626275,9,418.5168113708496,87.61262536048889,1.0,0.9327731132507324
2,0.8926315903663635,0.9033613204956056,0.2494346261965601,0.2640512008219957,9,415.4128534793854,87.94879055023193,1.0,0.9201680421829224
3,0.9284210801,0.928571403,0.1792259569,0.2468218692,9,422.7634010314941,88.56447148323059,0.0,0.8865545988082886
4,0.9010526538,0.8949579597,0.2327596809,0.2407950809,9,415.83182525634766,104.0634093284607,1.0,0.9075630307197572
5,0.9073684215545654,0.9327731132507324,0.2062979162366766,0.2328916711111863,9,418.21346044540405,86.82927417755127,0.0,0.9285714030265808
6,0.9084210396,0.8865545988,0.2279980037,0.3016548897,9,413.6544618606568,89.71580934524536,1.0,0.8991596698760986
7,0.9315789342,0.890756309,0.1787934933,0.3084711557,9,416.9537177085877,87.49452185630798,1.0,0.8991596698760986
8,0.8999999762,0.9201680422,0.2511507334,0.2069714566,9,415.0447947978973,90.5933437347412,1.0,0.9495798349380492
9,0.8789473772,0.9369747639,0.281353731,0.2173805378,9,424.68999552726746,88.78251385688782,0.0,0.9285714030265808
10,0.921052634716034,0.9075630307197572,0.2011732087637248,0.235612807671229,9,418.03817868232727,89.99837803840637,1.0,0.9159663915634156
11,0.9063158035,0.9117646813,0.2122963596,0.2708229472,9,409.7609071731568,87.22447633743286,0.0,0.9033613204956056
12,0.9210526347,0.8865545988,0.2080258704,0.2558333074,9,413.8310785293579,88.53080534934998,1.0,0.8991596698760986
13,0.917894721,0.9411764741,0.2198271093,0.2155613971,9,422.65845561027527,88.71753883361816,0.0,0.9369747638702391
14,0.9210526347,0.9075630307,0.1934800278,0.2055842665,9,424.7008972167969,86.89832043647766,0.0,0.9033613204956056
15,0.9273684025,0.928571403,0.1852414062,0.2526854624,9,414.3972017765045,89.23260521888733,1.0,0.9285714030265808
16,0.9252631664276124,0.9327731132507324,0.2059690141050439,0.1862517488499482,9,415.5148503780365,85.18578004837036,0.0,0.924369752407074
17,0.9136841893,0.9327731133,0.2425203215,0.170902543,9,421.8781795501709,90.60584115982056,0.0,0.9285714030265808
18,0.917894721,0.928571403,0.2244682977,0.1892452717,9,421.7677054405213,87.679279088974,0.0,0.9201680421829224
19,0.933684229850769,0.911764681339264,0.1727497083948631,0.2498632907867431,9,427.6116635799408,88.14194512367249,0.0,0.8739495873451233
0,0.9378947616,0.9159663916,0.1883702777,0.1837031285,10,417.6095290184021,87.33140587806702,1.0,0.924369752407074
1,0.9294736981,0.9243697524,0.172358791,0.2058654187,10,417.8022029399872,97.81356239318848,1.0,0.9369747638702391
2,0.8926315904,0.9033613205,0.2494346262,0.2640512008,10,416.3242630958557,88.41381311416626,1.0,0.9201680421829224
3,0.9284210801,0.928571403,0.1792259569,0.2468218692,10,422.3371951580048,89.56235647201538,0.0,0.8865545988082886
4,0.9010526538,0.8949579597,0.2327596809,0.2407950809,10,418.0685164928436,90.64155292510986,1.0,0.9075630307197572
5,0.9073684216,0.9327731133,0.2062979162,0.2328916711,10,427.4089343547821,87.37766146659851,0.0,0.9285714030265808
6,0.9084210396,0.8865545988,0.2279980037,0.3016548897,10,414.606981754303,87.4063732624054,1.0,0.8991596698760986
7,0.9315789342,0.890756309,0.1787934933,0.3084711557,10,417.455374956131,86.77229189872742,1.0,0.8991596698760986
8,0.8999999762,0.9201680422,0.2511507334,0.2069714566,10,412.9492394924164,86.72410106658936,1.0,0.9495798349380492
9,0.8789473772,0.9369747639,0.281353731,0.2173805378,10,426.7357039451599,87.47710227966309,0.0,0.9327731132507324
10,0.9210526347,0.9075630307,0.2011732088,0.2356128077,10,413.4967017173767,86.25288510322571,1.0,0.9159663915634156
11,0.9063158035,0.9117646813,0.2122963596,0.2708229472,10,415.4660573005676,85.50735139846802,0.0,0.9033613204956056
12,0.9210526347,0.8865545988,0.2080258704,0.2558333074,10,415.6339569091797,86.62212681770325,1.0,0.9033613204956056
13,0.917894721,0.9411764741,0.2198271093,0.2155613971,10,421.5390748977661,86.5266044139862,0.0,0.9369747638702391
14,0.9210526347,0.9075630307,0.1934800278,0.2055842665,10,421.5781326293945,85.15243792533875,0.0,0.9033613204956056
15,0.9273684025,0.928571403,0.1852414062,0.2526854624,10,415.7754533290863,87.40863037109375,1.0,0.9327731132507324
16,0.9147368669509888,0.9411764740943908,0.2098978156165072,0.1746204808354377,10,426.2172348499298,85.17792177200317,0.0,0.924369752407074
17,0.9136841893,0.9327731133,0.2425203215,0.170902543,10,425.63831210136414,87.96420359611511,0.0,0.9285714030265808
18,0.917894721,0.928571403,0.2244682977,0.1892452717,10,422.1009109020233,86.39464211463928,0.0,0.924369752407074
19,0.9336842299,0.9117646813,0.1727497084,0.2498632908,10,425.8362064361572,89.48514342308044,0.0,0.8739495873451233
0,0.9357894659042358,0.9201680421829224,0.185282747023984,0.1875150710344314,11,420.9224090576172,88.00133013725281,1.0,0.924369752407074
1,0.9200000166893004,0.924369752407074,0.2065064359966077,0.2119352144499619,11,420.5790040493012,98.19670486450195,1.0,0.9369747638702391
2,0.9200000166893004,0.911764681339264,0.2084505224855322,0.2273376849790414,11,418.4162294864655,87.85278868675232,1.0,0.9285714030265808
3,0.9284210801,0.928571403,0.1792259569,0.2468218692,11,423.2128183841705,86.34471487998962,0.0,0.8907563090324402
4,0.9221052527427672,0.9033613204956056,0.2123515680275465,0.2432145853837331,11,414.74961590766907,90.04251170158386,1.0,0.911764681339264
5,0.9073684216,0.9327731133,0.2062979162,0.2328916711,11,423.769189119339,85.72964835166931,0.0,0.9327731132507324
6,0.9084210396,0.8865545988,0.2279980037,0.3016548897,11,412.69616436958313,85.54648637771606,1.0,0.9033613204956056
7,0.9315789342,0.890756309,0.1787934933,0.3084711557,11,415.4374816417694,85.63708901405334,1.0,0.8991596698760986
8,0.9294736981391908,0.9411764740943908,0.1849103882595112,0.1594364423304796,11,417.01486110687256,88.67183423042297,1.0,0.9579831957817078
9,0.8789473772,0.9369747639,0.281353731,0.2173805378,11,421.33143401145935,85.18743085861206,0.0,0.9327731132507324
10,0.9210526347,0.9075630307,0.2011732088,0.2356128077,11,413.9981744289398,85.60944890975952,1.0,0.9159663915634156
11,0.9063158035,0.9117646813,0.2122963596,0.2708229472,11,413.27190375328064,84.612802028656,0.0,0.9075630307197572
12,0.9315789341926576,0.9285714030265808,0.1864833028065531,0.1733954374988874,11,415.4870901107788,87.02155041694641,0.0,0.9075630307197572
13,0.917894721,0.9411764741,0.2198271093,0.2155613971,11,422.7817695140839,87.1715099811554,1.0,0.9453781247138976
14,0.9410526156425476,0.911764681339264,0.1769827427362141,0.2604383851091067,11,423.605167388916,84.7382550239563,0.0,0.9075630307197572
15,0.9273684025,0.928571403,0.1852414062,0.2526854624,11,413.4562547206879,84.49191045761108,1.0,0.9327731132507324
16,0.914736867,0.9411764741,0.2098978156,0.1746204808,11,419.5530388355255,85.80560898780823,0.0,0.9285714030265808
17,0.9136841893,0.9327731133,0.2425203215,0.170902543,11,421.9234719276428,85.9832329750061,0.0,0.9285714030265808
18,0.917894721,0.928571403,0.2244682977,0.1892452717,11,423.1832022666931,88.75590920448303,1.0,0.9285714030265808
19,0.933684229850769,0.9159663915634156,0.1738660946802089,0.2183492273092269,11,429.8563652038574,87.96297693252563,0.0,0.8739495873451233
0,0.9357894659,0.9201680422,0.185282747,0.187515071,12,408.286817073822,90.51651167869568,1.0,0.9285714030265808
1,0.9442105293273926,0.9411764740943908,0.1667910927377249,0.181423063079516,12,417.4125905036926,85.53748893737793,0.0,0.9369747638702391
2,0.9252631664276124,0.9159663915634156,0.1904969875357653,0.1889654904603958,12,414.8463292121887,104.44453525543211,1.0,0.9285714030265808
3,0.9284210801,0.928571403,0.1792259569,0.2468218692,12,422.5215699672699,93.35485863685608,0.0,0.8991596698760986
4,0.9294736981391908,0.9075630307197572,0.1934998240596369,0.2103915686408678,12,417.0149071216583,92.314537525177,1.0,0.9159663915634156
5,0.9073684216,0.9327731133,0.2062979162,0.2328916711,12,420.15225291252136,90.04358148574829,1.0,0.9369747638702391
6,0.9084210396,0.8865545988,0.2279980037,0.3016548897,12,414.76293110847473,88.91292309761047,1.0,0.9075630307197572
7,0.9315789342,0.890756309,0.1787934933,0.3084711557,12,411.3758592605591,90.16880583763124,1.0,0.9033613204956056
8,0.9294736981,0.9411764741,0.1849103883,0.1594364423,12,408.4686427116394,94.0557599067688,1.0,0.9579831957817078
9,0.8789473772,0.9369747639,0.281353731,0.2173805378,12,417.9865174293518,89.6041350364685,0.0,0.9327731132507324
10,0.9210526347,0.9075630307,0.2011732088,0.2356128077,12,412.4871778488159,90.2417426109314,1.0,0.924369752407074
11,0.9063158035,0.9117646813,0.2122963596,0.2708229472,12,411.8413960933685,88.84100294113159,1.0,0.911764681339264
12,0.9315789342,0.928571403,0.1864833028,0.1733954375,12,418.09310269355774,88.28427982330322,0.0,0.924369752407074
13,0.917894721,0.9411764741,0.2198271093,0.2155613971,12,414.27951669692993,90.31129479408264,1.0,0.9453781247138976
14,0.9410526156,0.9117646813,0.1769827427,0.2604383851,12,420.7461631298065,89.021475315094,1.0,0.911764681339264
15,0.9273684025,0.928571403,0.1852414062,0.2526854624,12,412.5591404438019,91.86486649513245,1.0,0.9411764740943908
16,0.914736867,0.9411764741,0.2098978156,0.1746204808,12,417.6327373981476,88.62087297439575,0.0,0.9285714030265808
17,0.9136841893,0.9327731133,0.2425203215,0.170902543,12,421.2322471141815,90.35215711593628,0.0,0.9285714030265808
18,0.917894721,0.928571403,0.2244682977,0.1892452717,12,411.3801596164704,90.10526919364928,1.0,0.9327731132507324
19,0.9336842299,0.9159663916,0.1738660947,0.2183492273,12,421.936589717865,89.36610817909241,0.0,0.8865545988082886
0,0.9357894659,0.9201680422,0.185282747,0.187515071,13,431.34784269332886,86.9033260345459,1.0,0.9369747638702391
1,0.9442105293,0.9411764741,0.1667910927,0.1814230631,13,440.6376395225525,88.87737202644348,0.0,0.9369747638702391
2,0.9252631664,0.9159663916,0.1904969875,0.1889654905,13,430.5715398788452,89.44684839248657,1.0,0.9285714030265808
3,0.9284210801,0.928571403,0.1792259569,0.2468218692,13,439.6175878047943,92.8009467124939,0.0,0.8991596698760986
4,0.9294736981,0.9075630307,0.1934998241,0.2103915686,13,432.2717435359955,108.02604055404665,1.0,0.9201680421829224
5,0.9073684216,0.9327731133,0.2062979162,0.2328916711,13,436.49381494522095,94.4058713912964,0.0,0.9327731132507324
6,0.9084210396,0.8865545988,0.2279980037,0.3016548897,13,429.54655361175537,90.50187754631042,1.0,0.911764681339264
7,0.9315789342,0.890756309,0.1787934933,0.3084711557,13,434.5079462528229,92.0508086681366,1.0,0.9075630307197572
8,0.9294736981,0.9411764741,0.1849103883,0.1594364423,13,433.4935469627381,93.33783388137816,1.0,0.9579831957817078
9,0.8789473772,0.9369747639,0.281353731,0.2173805378,13,438.80726313591,92.8069052696228,0.0,0.9327731132507324
10,0.9273684024810792,0.9159663915634156,0.1883791055196994,0.2418082609772682,13,440.084755897522,89.7031478881836,1.0,0.9201680421829224
11,0.9063158035,0.9117646813,0.2122963596,0.2708229472,13,434.4893786907196,89.61037421226501,1.0,0.9159663915634156
12,0.9315789342,0.928571403,0.1864833028,0.1733954375,13,445.9133882522583,90.36629462242126,0.0,0.9159663915634156
13,0.917894721,0.9411764741,0.2198271093,0.2155613971,13,440.2662830352783,89.95724749565125,1.0,0.9453781247138976
14,0.9410526156,0.9117646813,0.1769827427,0.2604383851,13,433.99659967422485,88.26713967323303,1.0,0.9159663915634156
15,0.9273684025,0.928571403,0.1852414062,0.2526854624,13,436.72633695602417,90.95640563964844,1.0,0.9411764740943908
16,0.914736867,0.9411764741,0.2098978156,0.1746204808,13,446.0171115398407,88.88791823387146,0.0,0.9327731132507324
17,0.9136841893,0.9327731133,0.2425203215,0.170902543,13,446.9303414821625,89.11167359352112,0.0,0.9285714030265808
18,0.917894721,0.928571403,0.2244682977,0.1892452717,13,434.9870684146881,88.98831868171692,1.0,0.9369747638702391
19,0.9336842299,0.9159663916,0.1738660947,0.2183492273,13,445.4964654445648,90.4579164981842,0.0,0.8907563090324402
0,0.9378947615623474,0.9285714030265808,0.1801365736597462,0.1718043732146422,14,438.8710811138153,88.86533737182617,1.0,0.9411764740943909
1,0.9442105293,0.9411764741,0.1667910927,0.1814230631,14,444.68055391311646,89.86689472198486,0.0,0.9411764740943909
2,0.9252631664,0.9159663916,0.1904969875,0.1889654905,14,433.6330041885376,90.52053260803223,1.0,0.9285714030265808
3,0.9284210801,0.928571403,0.1792259569,0.2468218692,14,445.1073184013367,92.83439445495605,0.0,0.9233613204956055
4,0.9294736981,0.9075630307,0.1934998241,0.2103915686,14,430.4950966835022,106.02484655380249,1.0,0.894369752407074
5,0.9073684216,0.9327731133,0.2062979162,0.2328916711,14,434.7853467464447,93.1600615978241,0.0,0.9327731132507324
6,0.9273684024810792,0.9065545988082886,0.1761411427353557,0.4219827063381672,14,436.2501254081726,92.03582692146301,1.0,0.9175630307197571
7,0.9315789342,0.910756309,0.1787934933,0.3084711557,14,431.8460061550141,91.43501853942871,1.0,0.9375630307197571
8,0.9294736981,0.9411764741,0.1849103883,0.1594364423,14,435.5465404987335,94.29966998100281,1.0,0.9179831957817078
9,0.9089473772,0.9369747639,0.281353731,0.2173805378,14,443.93897700309753,92.01851320266724,0.0,0.9327731132507324
10,0.9273684025,0.9159663916,0.1883791055,0.241808261,14,432.9833393096924,90.12042784690857,1.0,0.9285714030265808
11,0.9163158035,0.9117646813,0.2122963596,0.2708229472,14,427.741149187088,88.86031699180603,1.0,0.9251680421829224
12,0.9315789342,0.928571403,0.1864833028,0.1733954375,14,438.5457746982575,88.31569004058838,0.0,0.924369752407074
13,0.917894721,0.9411764741,0.2198271093,0.2155613971,14,434.443377494812,91.3281774520874,1.0,0.9495798349380493
14,0.9110526156,0.9117646813,0.1769827427,0.2604383851,14,431.8806750774384,90.00658798217773,1.0,0.9159663915634155
15,0.9273684025,0.928571403,0.1852414062,0.2526854624,14,432.382297039032,89.53150725364685,1.0,0.9353781247138977
16,0.914736867,0.9211764741,0.2098978156,0.1746204808,14,438.8362498283386,87.22711420059204,0.0,0.9327731132507324
17,0.9136841893,0.9227731133,0.2425203215,0.170902543,14,443.5378024578095,89.35166907310486,0.0,0.9285714030265808
18,0.917894721,0.928571403,0.2244682977,0.1892452717,14,435.8154001235962,89.03991198539734,1.0,0.9269747638702393
19,0.9136842299,0.9159663916,0.1738660947,0.2183492273,14,443.4667594432831,90.90263390541077,0.0,0.9257563090324402
